$tag,learning_rate,w_decay,dropout_pct,pct_warmup,w_surrogate_tasks,max_grad_norm,experiment,PC_Boarding,PC_Alighting,ST_Delay,ST_Dwell
SA00,0.0003,0.01,0.1,0.075,1.0,1.0,smtM24-11061137,0.549702,0.714772,0.18589,0.345602
SA01,0.000428554,0.00744368,0.013,0.149,1.25,0.5,smtM24-11061150,0.533052,0.702609,0.165897,0.342492
SA02,0.000443892,0.0130539,0.147,0.049,0.5,2.0,smtM24-11061158,0.548999,0.709897,0.1575,0.341565
SA03,0.000546609,0.00441852,0.119,0.056,0.25,2.0,smtM24-11061205,0.54326,0.70475,0.143768,0.348244
SA04,0.000153712,0.012676,0.11,0.029,1.25,0.5,smtM24-11061213,0.539453,0.707428,0.135282,0.349855
SA05,0.000467981,0.0082121,0.077,0.045,0.25,2.0,smtM24-11061220,0.54768,0.704917,0.158213,0.312141
SA06,0.00050314,0.00573941,0.204,0.109,1.0,5.0,smtM24-11061227,0.538893,0.700991,0.165189,0.350704
SA07,0.000584784,0.00110582,0.218,0.102,1.0,0.5,smtM24-11061235,0.549795,0.714834,0.18452,0.351254
SA08,0.000360758,0.00620366,0.227,0.123,0.75,1.0,smtM24-11061245,0.538072,0.687796,0.131507,0.354767
SA09,0.000205942,0.000572967,0.229,0.02,0.75,1.0,smtM24-11061252,0.544918,0.708414,0.103966,0.349436
SA10,0.000162401,0.00142117,0.053,0.131,1.0,1.0,smtM24-11061301,0.545381,0.710775,0.145604,0.340157
SA11,0.000599544,0.00607005,0.116,0.122,1.25,5.0,smtM24-11061308,0.536865,0.700836,0.182589,0.35055
SA12,0.000581326,0.000811431,0.113,0.042,1.0,5.0,smtM24-11061315,0.542026,0.697702,0.134789,0.339898
SA13,0.000198897,0.016273,0.193,0.023,0.5,5.0,smtM24-11061321,0.542844,0.711612,0.163604,0.350738
SA14,0.000364183,0.000720663,0.066,0.07,1.25,5.0,smtM24-11061331,0.541546,0.69717,0.134662,0.347284
SA15,0.000397883,0.0198953,0.007,0.089,0.75,2.0,smtM24-11061338,0.544736,0.699551,0.154822,0.318069
SA16,0.000304207,0.00451523,0.177,0.137,1.0,1.0,smtM24-11061345,0.547446,0.714951,0.184442,0.341327
SA17,0.000193116,0.000586372,0.016,0.067,0.75,2.0,smtM24-11061354,0.544035,0.695429,0.120958,0.338377
SA18,0.000319002,0.0114992,0.128,0.15,0.75,2.0,smtM24-11061401,0.539617,0.708138,0.134265,0.339255
SA19,0.000340488,0.00218574,0.172,0.115,0.5,0.5,smtM24-11061410,0.549628,0.710615,0.183999,0.331714
SA20,0.000434355,0.001182,0.212,0.031,0.25,2.0,smtM24-11061419,0.554726,0.716803,0.168686,0.347975
SA21,0.000155897,0.00264978,0.246,0.14,0.5,2.0,smtM24-11061429,0.539198,0.711018,0.148478,0.339742
SA22,0.000298495,0.00208139,0.033,0.072,1.25,2.0,smtM24-11061438,0.536934,0.706105,0.137421,0.299311
SA23,0.000534179,0.00088493,0.0,0.054,1.25,1.0,smtM24-11061444,0.547253,0.686105,0.158666,0.345326
SA24,0.00018063,0.00167394,0.022,0.034,1.25,5.0,smtM24-11061450,0.540534,0.702261,0.170594,0.317788
SA25,0.000258192,0.00799986,0.141,0.055,0.75,5.0,smtM24-11061456,0.540901,0.712231,0.147306,0.343647
SA26,0.000164144,0.00884469,0.123,0.083,0.5,1.0,smtM24-11061506,0.524971,0.690012,0.163816,0.314467
SA27,0.000386706,0.000728647,0.137,0.035,0.5,0.5,smtM24-11061512,0.558993,0.715818,0.147303,0.342807
SA28,0.000170785,0.00364593,0.096,0.129,1.0,2.0,smtM24-11061521,0.55019,0.719093,0.201018,0.341384
SA29,0.000391359,0.00157628,0.24,0.061,0.75,1.0,smtM24-11061531,0.548605,0.713265,0.174047,0.350579
SA30,0.000373154,0.000606863,0.058,0.133,1.25,0.5,smtM24-11061540,0.533625,0.677585,0.120741,0.330053
SA31,0.000157698,0.00918944,0.034,0.146,0.75,2.0,smtM24-11061546,0.543297,0.715348,0.170712,0.335176
SA32,0.000172924,0.00133691,0.025,0.069,1.0,1.0,smtM24-11061556,0.547727,0.716116,0.172368,0.341945
SA33,0.000159091,0.000503615,0.249,0.105,1.0,0.5,smtM24-11061606,0.535017,0.687918,0.129229,0.342888
SA34,0.000254117,0.000541552,0.222,0.121,0.5,5.0,smtM24-11061613,0.533716,0.690918,0.11292,0.330785
SA35,0.000241955,0.00295939,0.242,0.079,0.25,5.0,smtM24-11061619,0.535529,0.689972,0.126051,0.330228
SA36,0.000263287,0.00116799,0.085,0.112,0.25,0.5,smtM24-11061625,0.533285,0.690929,0.130592,0.312491
SA37,0.000210686,0.00272503,0.143,0.145,1.25,0.5,smtM24-11061630,0.548507,0.716666,0.18828,0.343871
SA38,0.000214657,0.00109194,0.041,0.05,0.75,1.0,smtM24-11061640,0.547691,0.714952,0.17007,0.33888
SA39,0.000418982,0.0022903,0.027,0.098,0.75,5.0,smtM24-11061650,0.546184,0.702415,0.153114,0.347452
SA40,0.000567468,0.000523556,0.062,0.101,0.25,1.0,smtM24-11061657,0.538871,0.686002,0.15722,0.314248
SA41,0.000452787,0.00251928,0.129,0.057,0.25,1.0,smtM24-11061703,0.553022,0.696922,0.117637,0.339146
SA42,0.000320163,0.00730454,0.039,0.145,1.0,0.5,smtM24-11061710,0.523686,0.702003,0.151874,0.321368
SA43,0.00035584,0.000963555,0.207,0.093,1.0,5.0,smtM24-11061716,0.533332,0.689757,0.136004,0.34589
SA44,0.00033456,0.0108211,0.21,0.029,0.25,5.0,smtM24-11061723,0.54708,0.71316,0.162445,0.340672
SA45,0.000197355,0.0189704,0.167,0.064,0.75,0.5,smtM24-11061733,0.548675,0.715486,0.167568,0.342244
SA46,0.000516675,0.0113228,0.096,0.133,0.75,5.0,smtM24-11061742,0.54324,0.699637,0.10308,0.34856
SA47,0.000350182,0.00553459,0.037,0.036,1.0,1.0,smtM24-11061756,0.542222,0.703788,0.12358,0.345474
SA48,0.000190006,0.00507837,0.157,0.074,0.5,5.0,smtM24-11061803,0.546296,0.714503,0.180055,0.344504
SA49,0.000248279,0.00243889,0.191,0.11,0.75,1.0,smtM24-11061813,0.543735,0.712503,0.179131,0.346714
SA50,0.00019211,0.00130502,0.16,0.088,0.75,0.5,smtM24-11061823,0.545159,0.712863,0.185773,0.339686
SA51,0.000371232,0.00104108,0.216,0.033,0.25,2.0,smtM24-11061833,0.547777,0.712237,0.164353,0.342839
SA52,0.000267064,0.00400707,0.171,0.041,0.75,2.0,smtM24-11061842,0.545445,0.71315,0.166357,0.349117
SA53,0.000308111,0.00693268,0.115,0.063,1.0,2.0,smtM24-11061852,0.543766,0.703601,0.163696,0.308245
SA54,0.000229085,0.00345355,0.154,0.111,1.25,5.0,smtM24-11061859,0.55086,0.716439,0.192664,0.342541
SA55,0.000251296,0.00284854,0.198,0.099,1.0,0.5,smtM24-11061909,0.536906,0.702258,0.129436,0.347481
SA56,0.000290025,0.0104474,0.03,0.073,1.25,5.0,smtM24-11061916,0.533904,0.694493,0.135246,0.350245
SA57,0.00056583,0.0166781,0.156,0.026,1.0,1.0,smtM24-11061923,0.537586,0.697355,0.164666,0.360319
SA58,0.000286393,0.0133489,0.045,0.125,1.0,1.0,smtM24-11061931,0.540619,0.70841,0.182097,0.337894
SA59,0.00049179,0.00177024,0.003,0.106,1.25,2.0,smtM24-11061939,0.52288,0.6886,0.124324,0.322454
SA60,0.000295944,0.0018856,0.051,0.085,1.25,1.0,smtM24-11061944,0.547698,0.714396,0.1788,0.331125
SA61,0.000151235,0.0119423,0.24,0.051,0.75,0.5,smtM24-11061953,0.537535,0.707513,0.164932,0.344904
SA62,0.000484038,0.00177571,0.065,0.059,0.25,1.0,smtM24-11062003,0.537347,0.699341,0.144692,0.338737
SA63,0.000411478,0.000679604,0.048,0.135,1.0,5.0,smtM24-11062009,0.53772,0.699601,0.157877,0.337683
SA64,0.000493987,0.0138965,0.125,0.139,1.25,0.5,smtM24-11062016,0.547516,0.696859,0.138035,0.346586
SA65,0.000465588,0.00124342,0.2,0.087,0.75,5.0,smtM24-11062023,0.549035,0.716133,0.192371,0.344785
SA66,0.000409461,0.00195705,0.166,0.068,1.0,1.0,smtM24-11062032,0.552392,0.715232,0.179696,0.347714
SA67,0.000382382,0.0181859,0.164,0.075,0.75,1.0,smtM24-11062042,0.553865,0.712741,0.193707,0.343974
SA68,0.00032406,0.00306523,0.189,0.083,1.25,0.5,smtM24-11062052,0.551285,0.712543,0.170533,0.345493
SA69,0.000170139,0.000923552,0.179,0.052,0.75,5.0,smtM24-11062102,0.552749,0.715013,0.189248,0.349899
SA70,0.000285137,0.00424484,0.196,0.06,0.25,5.0,smtM24-11062111,0.542608,0.693253,0.118383,0.325441
SA71,0.000347129,0.0151751,0.15,0.039,0.5,5.0,smtM24-11062117,0.546827,0.711303,0.133755,0.313994
SA72,0.000219456,0.00468595,0.049,0.143,0.5,2.0,smtM24-11062124,0.533374,0.703618,0.141662,0.343749
SA73,0.000185341,0.000818741,0.136,0.046,0.5,1.0,smtM24-11062131,0.545934,0.713849,0.145748,0.339901
SA74,0.000440826,0.0177649,0.081,0.043,0.5,1.0,smtM24-11062141,0.554935,0.713828,0.194043,0.344994
SA75,0.000474004,0.00502277,0.18,0.025,0.75,1.0,smtM24-11062150,0.553353,0.714494,0.194077,0.346949
SA76,0.000218191,0.00237451,0.133,0.046,0.25,5.0,smtM24-11062200,0.537454,0.707618,0.166952,0.335322
SA77,0.000224541,0.014321,0.07,0.097,0.5,2.0,smtM24-11062209,0.540119,0.713529,0.152124,0.332394
SA78,0.000332708,0.00972462,0.237,0.066,0.25,1.0,smtM24-11062219,0.54542,0.711894,0.168776,0.342518
SA79,0.00027331,0.00063812,0.082,0.092,0.25,5.0,smtM24-11062229,0.528052,0.690101,0.154289,0.317108
SA80,0.000178268,0.00084388,0.106,0.118,0.5,2.0,smtM24-11062234,0.540305,0.716133,0.166761,0.342522
SA81,0.000279315,0.00357398,0.184,0.115,0.25,2.0,smtM24-11062244,0.546092,0.708674,0.142536,0.335114
SA82,0.0002015,0.00140527,0.145,0.126,0.5,0.5,smtM24-11062254,0.53751,0.711909,0.14785,0.330956
SA83,0.000182667,0.00164261,0.102,0.137,0.25,0.5,smtM24-11062304,0.542262,0.695133,0.161639,0.324762
SA84,0.000456159,0.00331144,0.009,0.117,1.0,1.0,smtM24-11062310,0.5399,0.690982,0.137243,0.337131
SA85,0.000226054,0.00768971,0.09,0.095,0.5,1.0,smtM24-11062316,0.548409,0.718114,0.148579,0.337643
SA86,0.000236936,0.00404146,0.099,0.038,0.75,2.0,smtM24-11062326,0.537941,0.698326,0.143316,0.300508
SA87,0.000400261,0.00864748,0.073,0.081,0.5,0.5,smtM24-11062333,0.5461,0.698474,0.120693,0.351109
SA88,0.000259181,0.00538865,0.02,0.09,1.25,5.0,smtM24-11062340,0.541487,0.707004,0.114787,0.319495
SA89,0.00052867,0.0156626,0.087,0.13,0.5,2.0,smtM24-11062347,0.545316,0.706727,0.187288,0.339706
SA90,0.000276958,0.000666885,0.058,0.077,1.25,0.5,smtM24-11062355,0.549214,0.701876,0.161286,0.350511
SA91,0.000239014,0.00204329,0.208,0.022,1.25,0.5,smtM24-12060002,0.534434,0.69725,0.167783,0.331985
SA92,0.000175213,0.00663559,0.224,0.119,1.25,0.5,smtM24-12060008,0.535441,0.708669,0.173321,0.34868
SA93,0.00051186,0.000768033,0.074,0.141,0.25,2.0,smtM24-12060018,0.543439,0.688995,0.133495,0.311121
SA94,0.000167083,0.00310617,0.104,0.127,0.25,5.0,smtM24-12060024,0.540068,0.713663,0.133232,0.338083
SA95,0.00053767,0.00630663,0.23,0.027,0.5,0.5,smtM24-12060034,0.551714,0.70995,0.191166,0.351244
SA96,0.000233284,0.00148519,0.233,0.08,1.0,2.0,smtM24-12060043,0.539559,0.700514,0.135146,0.351874
SA97,0.000208184,0.00993602,0.01,0.094,1.25,0.5,smtM24-12060051,0.538223,0.708879,0.12935,0.343016
SA98,0.000312846,0.000987392,0.185,0.104,0.5,2.0,smtM24-12060058,0.539892,0.710558,0.193335,0.346569
SA99,0.000554747,0.00383653,0.091,0.108,0.25,2.0,smtM24-12060107,0.544727,0.682382,0.126229,0.304923
